company,website
360 Direct,http://www.360direct.com/fabtech
"3Arm - Roscamat Division of Eurolink, Inc.",http://www.eurolinkinc.com
3D Fab Light Inc,https://www.3dfablight.com
3D Metal Printing Magazine,http://3dmpmag.com/home/
3DCap,http://www.studioeleven.net
3DXTech,www.3dxtech.com
3M,http://www.3m.com/3M/en_US/metalworking-us
5 Star Engineering and Maintenance,http://www.5starengineering.com
889 Global Solutions,www.889globalsolutions.com
ABB Inc,http://www.abb.com/robotics
ABC Metals Inc,http://www.abcmetals.com
Abicor Binzel,https://www.binzel-abicor.com
ABIS Inc,http://www.abiscorp.com
Above Material Technology Co Ltd,http://www.amt-alloys.com
Accra-Wire Controls Inc,http://www.accrainc.com
Accu Tech USA,http://www.accu-techusa.com
Accudraft Paint Booths,http://www.accudraftpaintbooths.com
Accu-Labs Inc,www.accu-labs.com
Accuracy Machine,www.accuracymachine.com
Accurate Die Design Software Inc./Logopress3,http://www.DieDesignSoftware.com
Accurate Technology Inc,http://www.proscale.com
Accurex Measurement Inc,http://www.accurexmeasure.com
Accurpress,http://www.accurpress.com
Ace Industrial Products,http://www.aceindustrialproducts.com
Acrotech Inc,http://www.acrotechinc.com
ACT Automotive NA,www.actautomotivena.com
ACT Dust Collectors,http://www.actdustcollectors.com
ACT Test Panels LLC,http://www.acttestpanels.com
ACTY SYSTEM AMERICA INC,http://www.acty-sy.com/us
ADDere,www.mwes.com
Addison Machine Engineering Inc,http://www.ameinc.com
AddUp Inc,No website data provided
ADF Systems Ltd,http://www.adfsys.com
Admiral Steel LLC,http://www.admiralsteel.com
Advance Cutting Systems,http://www.advancecutting.com
Advanced Fabricating Machinery,http://www.advancedfab.com
Advanced Robotic Technology,http://www.advancedrobotic.com
Advanced Spiral Technology,www.advspiraltech.com
Advanced Tubular Technologies Inc,http://www.advancedtubular.com
AFC Finishing Systems / Airblast AFC,http://www.afc-ca.com
AFFRI Inc,www.affri.com
AFM Advanced Manufacturing Technologies,http://afm.es
Agathon Machine Tools Inc,http://www.agathon.ch/
AGT Robotics,http://agtrobotics.com/home/
AIDA-America,http://www.aida-global.com
"AIM Computer Solutions, ERP and EDI Software",http://www.aimcom.com
"AIM, Inc.",http://www.aimmachines.com
Aimtek Inc,http://www.aimtek.com
Air Cleaning Specialists Inc,http://www.aircleaningspecialists.com
Air Products and Chemicals Inc,http://www.airproducts.com/welding
Air Purification Inc,https://www.airpurificationinc.com
Airflow Systems Inc,http://www.airflowsystems.com
Airgas Inc,http://Airgas.com
Ajan Elektronik Servis Sanayi Ve Ticaret Ltd St,http://www.ajancnc.com
Ajax Tocco Magnethermic Corp,http://www.ajaxtocco.com
Aketek Industries,www.aketek.com
AKH Inc,http://www.akhfas-ner.com
AKS Cutting Systems Inc,http://www.akscutting.com
Akyapak Uluslararasi Dis Ticaret Mak San Ve Tic A,http://www.akyapak.com
AkzoNobel Powder Coatings,http://www.interpon.us
ALA Industries Limited - Yuken & GRH Hydraulics,http://www.alaindustrieslimited.com
Alabama Laser,http://www.alabamalaser.com
Alconox,http://alconox.com
ALCOS Machinery Inc,http://www.alcos.com
Allegro Industries,http://www.allegrosafety.com
Alliance For American Manufacturing,http://www.americanmanufacturing.org
Alliance Manufacturing Inc,http://www.alliancemfginc.com
Alliance Steel LLC,http://www.alliancesteel.net
Allied Machine & Engineering,http://www.alliedmachine.com
Allied Powers LLC,www.hidow.com
Allor Manufacturing Inc/Plesh Industries,http://www.allorplesh.com
Allstrap Steel & Poly Strapping Systems,http://www.allstrap.com
ALM Positioners Inc,http://www.almmh.com
Alma CAM USA LLC,http://www.almacamusa.com
Alma Machinery Co,http://www.almamachinery.com
Almco Inc,http://www.almco.com
Alpha Laser - US,https://alphalaser-us.com
Alpha-Brush Aps,No website data provided
Alpine Bender Machinery,http://www.alpinebender.com
Alro Steel Corporation,http://www.alro.com
ALS Maverick Testing Laboratories Inc,http://www.weldmaverick.com
Altair Engineering Inc,www.altair.com
Alternative Parts Inc,http://www.altparts.com
Altrac USA,http://www.altracusa.com
AlumaReel USA,http://www.alumareel.net
AM Industrial Group,http://www.amindustrialgroup.com
AM Machinery Sales Inc,http://www.ammachinerysales.com
Amada America Inc,http://www.amada.com/america
Amada Miyachi America,http://www.miyachiamerica.com
AMADA ORII AMERICA INC,http://www.oriimec.com
Ambrell Induction Heating Solutions,http://www.ambrell.com
American Cutting Edge,http://www.AmericanCuttingEdge.com
American Industrial Sales LLC,http://www.americanindustrialsystems.com
American Manufacturing Inc,http://www.buyamericanmanufacturing.com
American Photonics,http://www.americanphotonics.com
American Punch Co,http://www.americanpunchco.com
American Society For Nondestructive Testing,http://www.asnt.org
American Stress Technologies,www.astresstech.com
American Sweeping Solutions,www.haagashop.com
American Technical Publishers,http://www.atplearning.com
American Torch Tip Co Inc,http://www.americantorchtip.com
American Welding Society,http://www.aws.org
American Weldquip LLC,http://www.weldquip.com
AMET Inc,http://www.ametinc.com
Amiberica Inc,http://www.amiberica.com
AMPCO Metal Inc,http://www.ampcometal.com
AMS Controls Inc,http://www.amscontrols.com
ANAEROBIA,www.anaerobia.com.mx
Anand Arc Ltd,http://www.anandarc.com
Andersen Industries Inc,http://www.andersenmp.com/weldpro-360
Andreae Team,http://www.aerem.com
ANDRITZ Herr-Voss Stamco Inc,http://www.herr-voss.com
Andritz Powerlase,www.powerlase-photonics.com
ANDRITZ Soutec & RWC Inc,http://www.andritz.com/soutec
Angle-Rite® Clamping System,http://www.anglerite.com
Anthony Welded Products Inc,No website data provided
Antra Technologies Co Ltd,http://www.antra.cn
Anxin Abrasives Co Ltd,No website data provided
AP&T North America Inc,http://www.aptgroup.com
APEL International,http://www.apelfilters.com
Apex Machine Group,http://www.apexmachinegroup.com
Applied Technical Services Inc,http://www.atslab.com
Aquasol Corp,http://www.aquasolwelding.com
Arc Solutions Inc,www.arcsolinc.com
ARC Specialties Inc,http://www.arcspecialties.com
ArcBoss,http://arcboss.com
Arch Value Solutions,No website data provided
ArcOne,http://www.arc1weldsafe.com
Arc-Zone.Com Inc,www.arc-zone.com
Argon Masking Corp,http://www.argonusa.com
Arkansas Elite Welding Academy,http://www.arkansasewa.com
ARKU Inc,http://www.arku.com
Armor Tool,http://www.armor-tool.com
Armstrong Kover Kwick Inc,http://www.akkinc.com
ARNTZ Inc,http://www.arntz.us
Arro-Mark Co LLC,https://www.arromark.com
Arrowhead Manufacturers & Fabricators Assoc,http://www.amfa-mn-wi.org
ART Metals Group,http://www.artmetalsgroup.com
Artotic,http://www.artotic.com
Arvos Ljungstrom LLC,http://www.arvos-group.com
ASC Machine Tools,http://www.ascmt.com
Ascentium Capital,http://www.AscentiumCapital.com
ASKO Inc,http://www.askoinc.com
ASM International,www.asminternational.org
ASMAG USA Inc,http://www.asmagusa.com
Asmith Manufacturing Company,https://www.asmith.com.tw
Astro Arc Polysoude Inc,http://www.polysoude.com
ATA Tools Inc,http://www.atagroup.co
ATI Industrial Automation,http://www.ati-ia.com
Atlanta Drive Systems Inc,http://www.atlantadrives.com
Atlas Copco,No website data provided
Atlas Machine & Supply Inc,http://www.atlasmachine.com
Atotech USA LLC,http://www.atotech.com/
Attollo Lift,http://AttolloLift.com
Auburn Manufacturing Inc,http://www.auburnmfg.com
AutoForm Engineering USA Inc,http://www.autoform.com
Automated Layout Technology,http://www.automatedlayout.com
Automated Machinery Inc (AMI),http://www.ami-service.com
Automated Tapping Systems,http://www.automatedtappingsystems.com
Automation International Inc,http://www.automation-intl.com
Automec Inc,http://www.automec.com
AVS Industries LLC,http://www.avsind.com
AWS Bookstore,http://www.aws.org
AWS Schäfer Technologie GmbH,http://www.aws-schaefer.de
AWS Welding Competition 2019,No website data provided
Axalta Coating Systems,http://axalta.us/industrial
Axelent Inc,http://www.axelentusa.com
AXXAIR USA,https://www.axxair.com/en-us/
Azak Tool Technologies Inc,www.azaktool.com
Azarbod ERP Software,http://www.azarbod.com
Azimuth Machinery,www.azimuthpress.com
AZZ Metal Coatings,http://www.azzgalvanizing.com
b+s group,http://www.b-s-germany.com
Bad Dog Tools,http://www.baddogtools.com
Baileigh Industrial Inc,http://www.baileighindustrial.com
Baker Industries,http://www.bakerindustriesinc.com
Balluff Inc,http://www.balluff.com
Baoji Taimei New Material Technology Co Ltd,http://www.bjtmxci.com
Baril Coatings USA,http://www.barilcoatings.com
Barton International,http://www.barton.com
Bayco by Guspro Inc,http://www.guspro.com
Baykal Makine A.S.,http://www.baykal.com.tr
BCI Surface Technologies (Bulk Chemicals Inc),http://www.bulkchemicals.us
Beagle I Inc,http://www.barefoot-flooring.com
Beckhoff Automation,http://www.beckhoffautomation.com
Beckwood Press Co,http://www.beckwoodpress.com
Behringer Saws Inc,http://www.behringersaws.com
Beijing Essen Welding & Cutting Fair,http://www.beijing-essen-welding.com
Beilun Futuo,http://www.futuo.com
BEKO Technologies,http://www.beko-technologies.com
Bend Tech,http://www.bendtechdragon.com
Benko Products Inc,www.benkoproducts.com
Berg & Co GmbH Spanntechnik,http://www.berg-spanntechnik.de
Berkenhoff GmbH,www.bedra.com
BesCutter,https://bescutter.com/
BESSEY Tools North America,http://www.besseytools.com
BesTech Tool LLC,http://www.bestechtool.com
Beta Tools,http://www.peerless-betatools.com
Betenbender Manufacturing Inc,http://www.betenbender.com
Beveler USA Inc.,http://www.bevelerusa.com/en/
Beverlin Specialty Tube,http://www.beverlinmfg.com
Bex Spray Nozzles,http://www.bex.com
Biele S A,http://www.biele.com
Big Ass Fans,http://www.bigassfans.com
Big Steel Rack,http://www.bigsteelrack.com/
BigRep America Inc,www.bigrep.com
Bihler 4 Slide-NC,http://www.bihler.com
Bilsing Automation North America,http://www.bilsing-automation.com
Binder USA,http://www.binder-connector.us
Bissell Commerical,No website data provided
Bi-State Rubber Inc,www.bistaterubber.com
Black Stallion Industries (REVCO),http://www.blackstallion.com
Blast Cleaning Technologies,http://www.bct-us.com
"Blast Guru, LLC",http://www.blastservicesinc.com
Blastec Inc,http://www.blastec.com
BlastOne,http://www.blastone.com
BLM Group,http://www.blmgroup.com
BLM Group,http://www.blmgroup.com
Bluco Corp,http://www.bluco.com
Blue Demon Welding Products,http://www.weldingmaterialsales.com
Blue Water Engineering Pty Ltd,http://www.vaclifts.com
Bluestreak | Bright AM,http://www.bright-am.com
BMF Material Technology Inc,www.bmftec.com
boeck GmbH,http://www.boeck-technology.de
Bollhoff USA,https://www.bollhoff-attexor.com/products.html
Bonal Technologies Inc,http://www.bonal.com
Boostweld,https://boostweld.com
Bore Repair Systems Inc,http://www.borerepair.com
Bosch,http://www.boschtools.com
Boschert Precision Machinery Inc,http://www.boschertusa.com
Boss Laser,http://www.bosslaser.com
Boss Manufacturing Co,http://bossgloves.com/
Bossi,www.formtekgroup.com
Bow Ind,No website data provided
Bowlin Manufacturing Inc,http://www.bowlinmfg.com
Bradford Derustit Corp,http://www.derustit.com
Braner USA Inc,http://www.braner.com
Broco Rankin,http://www.broco-rankin.com
Bruderer Machinery,http://www.brudereramericas.com
Bruker Corporation,http://www.bruker.com
Brush Research Manufacturing Co,http://www.brushresearch.com
BSP Tools (Kunshan) Co Ltd,www.binic-china.com
BTAI Plastic & Hardware Industry Co Ltd,www.btaimold.com
BTD Manufacturing Inc,http://www.btdmfg.com
BTM Company LLC,http://www.btmcomp.com
Buffalo Shrink Wrap,http://www.buffaloshrinkwrap.com
BUG-O Systems,http://www.bugo.com
Burr King Manufacturing Co,http://www.burrking.com
Butech Bliss,http://www.butechbliss.com
BUWW Coverings Inc,http://www.buww.com
Bystronic Inc,http://www.bystronicusa.com
C2AE,http://www.c2ae.com
Cadi Co Inc,http://www.cadicompany.com
Cagle Industrial Maintenance,http://www.cagleindustrial.net
Caiman Gloves / Primax,http://www.caimangloves.com
Caldan Conveyor A/S,http://www.caldan.dk
Callington Welding Chemicals,http://www.callingtonhaven.com
Calvary Industries Inc,http://www.calvaryindustries.com
Cambco,http://www.cambcoinc.com
Cambridge Vacuum Engineering,http://www.camvaceng.com
Cameron Mfg and Design,http://www.cameronmfg.com
Camlock Systems Inc,http://www.camlock.com
Canaweld Inc,www.canaweld.com
Canon USA,No website data provided
Capital One Services LLC,http://www.capitalone.com/tradeshows
Capital Weld Cleaners,http://www.capitalweldcleaners.com
Caplugs,http://www.caplugs.com
Carbit Paint Co,http://www.carbit.com
Cardinal Paint and Powder,http://www.cardinalpaint.com
Cardinal Parts & Equipment LLC,No website data provided
Carell Corporation,https://www.carellcorp.com
Carlisle Fluid Technologies,http://www.carlisleft.com
Carr Lane Manufacturing Co,http://www.carrlane.com
Caster Works Inc,http://www.casterworks.com
Castrol,https://www.castrol.com/en_us/b2b/home/industry-expertise/metals.html
Catalytic Industrial Systems,http://www.catalyticirovens.com
CECO Environmental,www.cecoenviro.com
CEIA USA Induction Heating Systems,http://www.ceia-usa.com
CENIT North America Inc,http://www.fastsuite.com
Cerbaco Ltd,http://www.cerbaco.com
CFCM Canadian Finishing & Coatings Magazine,http://www.cfcm.ca
CGW-Camel Grinding Wheels USA,http://www.cgwcamel.com
CH Steel Solutions Inc,http://www.chsteelsolutions.com
Chambrelan SAS,http://www.chambrelan.com
Changzhou Asia Science & Technology Co Ltd,http://www.asiaweld.com   www.cn-goldenglobe.com
Changzhou Huarui Welding & Cutting Machinery Co Ltd,http://www.haurui-cn.com / www.weldingtorch-cn.com
Changzhou Shine Science & Technology Co Ltd,http://www.shine-xunan.com
Changzhou Zhengyang Welding Material Co Ltd,http://www.zywelding.com
Chart Inc,http://www.chartindustries.com
Chase Cooling Systems,https://www.chasechillers.com
Chemco Manufacturing,http://www.chemcomfg.com
Chemcoaters LLC,www.chemcoaters.com
Chemetall US Inc,http://www.chemetallNA.com
Chemical Coaters Assoc International,http://www.ccaiweb.com
ChemQuest Inc,http://www.chemquest.co
Chemtec North America LLC,http://www.chemtecamerica.com
Cheung Woh Technologies Ltd.,www.cheungwoh.com.sg
Chicago Pneumatic Tool Company LLC,https://www.cp.com/en-us/tools
Chiyoda Kogyo-Maruka USA,http://www.marukausa.com
Christy Metals,http://www.christymetals.com
Cibo Abrasives USA,https://www.cibo-abrasives.com
CIDAN Machinery Inc,http://www.cidanmachinery-americas.com
CIDEAS Inc,http://www.buildparts.com
CIECO Inc,http://www.ciecocontrols.com
Cincinnati Inc,http://www.e-ci.com
Cincinnati Inc,http://www.e-ci.com
Civan High Power Lasers,http://www.civan.co.il
CK Worldwide,http://www.ckworldwide.com
Clamptek USA Inc,http://www.clamptek.us
Clark Fixture Technologies,http://www.clarkfixtures.com
Clayton Metals,http://www.claytonmetals.com
Clean Air Consultants,http://www.filter-1.com
CleanSpace Technology Pty Ltd,cleanspacetechnology.com/us
ClearClad Coatings LLC,http://www.clearclad.com
Cle-Line by Greenfield Industries,http://www.gfii.com
Clemco Industries Corp,http://www.clemcoindustries.com
Cleveland Punch & Die Co,http://www.clevelandpunch.com
Cleveland Steel Tool Co,http://www.clevelandsteeltool.com
Cloos Robotic Welding Inc,http://www.cloosrobot.com
Closed Loop Recycling,https://closedlooprecycling.us/
CM Diagnostics,http://www.cmdiag.com
CM Industries Inc,http://www.cmindustries.com
CMF,http://www.cmfgroupe.com
CMS North America Inc,http://www.cmsna.com
CNC Machines,https://cncmachines.com/
COACT Associates Ltd,www.teamcoact.com
COB Industries Inc,http://www.cob-industries.com
COE Press Equipment Corporation,http://www.coepress.com
Coherent Inc,http://www.coherent.com
CoilTech Machinery Inc Co,http://www.coiltech.com.tr
Cold Jet LLC,http://www.coldjet.com
COLE-TUVE Inc,http://www.coletuve.com
Col-Met Engineered Finishing Solutions,http://www.colmetsb.com
Colt Automation LTD,http://www.coltauto.com
Columbus Industries Inc,http://www.colind.com
Combilift USA,http://www.combilift.com
Combilift USA,http://www.combilift.com
Combined Metals of Chicago,www.combmet.com
Combustion and Systems Inc,http://www.combustionandsystems.com
Comco USA Inc,http://www.comcousa.com
ComEd IS,No website data provided
COMEQ Inc,http://www.comeq.com
COMEQ Inc,http://www.comeq.com
Computers Unlimited,http://www.TIMSsoftware.com/Industrial
Continental Abrasives,http://www.continentalabrasives.com
Continental Pipe & Tube Cut-Off Machines,http://www.continentalcutoff.com
Controlled Automation Inc,http://www.controlledautomation.com
Convergent Photonics,http://www.convergent-photonics.com
"Cool Clean Technologies, LLC",http://www.coolclean.com
Coractive High Tech Inc,www.coractive.com
Coral Chemical Co,http://www.coral.com
Coral SPA,http://www.coral.eu
COR-MET INC,http://www.cor-met.com
Cortec Corporation,www.cortecvci.com
Cosen Saws,http://www.cosensaws.com
Costa Sanders,http://www.costasanders.com
Cougartron Inc.,http://www.cougartron.com
Cowles Tool Co,http://www.cowles-tool.com
Coxreels,No website data provided
CPR Systems,http://www.cprsystemsonline.com
CRC Industries,www.crcindustries.com
Creaform,http://www.creaform3d.com
Creative Safety Supply,www.creativesafetysupply.com
Crippa SPA,http://www.crippa.us
CS Unitec Inc,http://www.csunitec.com
CTD Machines,http://www.ctdsaw.com
CTI Systems,http://www.ctisystems.com
Current Tech,http://www.currenttech.com
Custom Fabricating & Supplies,http://www.customfabricate.com
Custom Quality Manufacturing,www.cqm-inc.com
CWB Group,www.cwbgroup.org
CWI WELDING Generation4,http://www.centralwire.com
Cy Laser America,http://www.cy-laser.us/en
Cy Laser America,http://www.cy-laser.us/en
D/F Machine Specialties Inc,https://www.dfmachinespecialties.com
Dahching Electric Industrial Co Ltd,http://www.dahching.com
Daifuku,http://www.DaifukuNA.com
Daito Seiki Co Ltd,http://www.daitousa.com
Dallan America Corp,http://www.dallan.com
Dalmec Inc,https://www.dalmec-na.com/
Danobat Goiti S Coop,www.danobat.com
Darex LLC,http://www.darex.com
data M Sheet Metal Solutions GmbH,https://www.copra.info/en/
Dataweld Inc,http://www.dataweld.com
Daubert Cromwell,http://www.daubertcromwell.com
DAVI Inc,http://www.davi.com
DAWN Vices & Clamps,No website data provided
DAYTON Lamina Corporation,http://www.daytonlamina.com
DCM Tech Inc,http://www.dcm-tech.com
DDI Inc,http://www.ddioem.com
Decoral System USA Corp,http://www.decoralamerica.com
Dedeco International Inc,http://www.dedeco.com
Dees Hydraulic Industrial Co Ltd,http://www.deesgroup.com.tw
DeeTee Industries Ltd,http://www.deeteegroup.com
DeFelsko Corp,http://www.defelsko.com
Delfin Industrial Corporation,www.delfinindustrial.com
Delta Computer Systems Inc,http://www.deltamotion.com
Delta Industrial,http://www.deltaconcrete.com
Dener Makina San Tic Ltd Sti,http://www.denerusa.com
Dengensha America Corp,http://www.dengensha.com
"DENN - Industrias Puigjaner, sa - Global Metal Spinning Solutions",http://www.denn.es
Denray Machine Inc,http://www.denray.com
Dentec Safety Specialists,http://www.dentecsafety.com
DESCH USA Inc,http://www.desch.com
Design 2 Part,http://www.jobshopcompany.com
Design Storage & Handling Inc,http://www.designstorage.com
Design Storage & Handling Inc,http://www.designstorage.com
Desktop Metal,http://www.desktopmetal.com
Diagraph,http://www.diagraphmsp.com
Diamond Ground Products Inc,http://www.diamondground.com
Diamond H2O,www.diamondh2o.com
Diamond Saw Works Inc,http://www.diamondsaw.com
Diamond Vogel – Industrial Coatings,http://www.diamondvogel.com
"Die Cad Group, a Tooling Tech Group Company",http://www.diecadgroup.com
Dimeco Coil Technologies Inc,http://www.dimeco.com
Dinamec Systems,http://www.dinamecsystems.com
Dino-Lite Scopes (BigC),http://www.dinolite.us
Dinse Inc,http://www.dinse-us.com
Direct Wire & Cable,http://www.directwireusa.com
Dirinler Makina AS,http://www.dirinler.com.tr
Dispatch,disptachit.com
Diversified Transportation Services,http://www.dtsone.com
Diversitech,http://www.diversitech.ca
DMP Corporation,http://www.dmpcorp.com
DoALL Sawing Products,http://www.doallsawing.com
Donaldson Torit - Donaldson Company Inc,http://www.donaldsontorit.com
Dongguan City Yalu Industry Co Ltd,http://www.szyalu.com
Dongguan Gooming Mechanical Co Ltd,www.gooming.cn
Dongguan Sunyuu Automotive Equipment Co Ltd,www.sunyuu.com
Dongguan Topway Tool & Die Co Ltd,No website data provided
Dongguan Wisdom Tool & Die Co Ltd,http://www.wisdom-tool.com
Dongguan Zerostart-tool Co Ltd,http://www.zerostart-tool.com
Doringer Cold Saws,http://www.doringer.com
Doucet Machineries Inc,http://www.doucetinc.com
Dr. Shrink Inc,http://www.dr-shrink.com
Dreistern Inc,http://www.dreistern.com
DTC Products Inc,http://www.dtcproductsinc.com
DualDraw LLC,http://www.DualDraw.com
DuBois Chemicals Inc,http://www.duboischemicals.com
Dubuque Stamping & Mfg Inc,http://www.dubuquestamping.com
Dude Solutions,http://www.dudesolutions.com
Durable Superior Casters,http://www.durablecasters.com
Durma North America Inc/Durmazlar/DURMA,http://www.DurmaNorthAmerica.com
Duroair Technologies Inc,http://www.duroair.com
Durr Systems Inc,http://www.durr.com
DURUM Verschleiss-Schutz GmbH,http://www.durmat.com
DURUSA LLC,www.durusa.com
Dynabrade Inc,http://www.dynabrade.com
Dynatect Manufacturing Inc,http://www.dynatect.com
Dynatorch Inc,http://www.dynatorch.com
E.H. Wachs / Orbitalum,http://www.ehwachs.com
Eagle Laser,http://www.fairmontmachinery.com
Eagle Press & Equipment Co Ltd,http://www.eaglepresses.com
EAS Mold & Die Change Systems Inc,http://www.easchangesystems.com
Eastern Metal Supply,http://www.easternmetal.com
EASYKleen Pty Ltd,http://www.easykleen.com.au
Ebbco Inc,http://www.ebbcoinc.com
Eberle America,http://www.eberle-america.com
EBM Laser/Reservoirs Depres,http://www.ebmlaser.com
EBS Ink-Jet Systems USA Inc,http://www.ebs-inkjet-usa.com
EBway LLC,http://www.ebway.com
Echo Engineering,http://www.echosupply.com
ECi Software Solutions,http://www.ECisolutions.com
Ecogate Inc,http://www.ecogate.com
Econco/CPI,https://www.cpii.com/
Eddytech Systems Inc,http://www.eddytech.com
Edwards Iron Workers,www.edwardsironworkers.com
EFD Induction Inc,http://www.efd-induction.com
Egyptian Coatings,http://www.egyptcoat.com
EHRT North America,http://www.ehrtnorthamerica.com
Eidos Ergonomics,http://www.eidosergonomics.com
EIGEN,http://www.eigenengineering.com
EJP Maschinen GmbH,www.ejpmachines.com
Ekide SL,http://www.ekide.es
Elcometer Inc,http://www.elcometerusa.com
eldec LLC,http://www.eldec.net
Elderfield & Hall / Pro-Fusion,http://www.pro-fusiononline.com
Electrex Industrial Solutions,http://www.electrexindustrial.com
Electron Beam Technologies Inc,http://www.electronbeam.com
ELG Metals Inc,http://www.elg.de
Elizabeth Carbide Components,http://www.ecarbco.com
Elmali Makina Sanayi VE Ticaret Ltd Sti,http://www.elmali.com.tr
Elumatec North America Inc,http://www.elumatecnorthamerica.com
Emitted Energy,No website data provided
Emmegi USA Inc,http://www.emmegi.com
Encompass Machines Inc,http://www.goencompass.com
Enfasco Inc,www.enfasco.com
Engineered Lubricants Co,http://www.englube.com
Engineered Paint Applications,http://www.epapplications.com
Enhancement Technologies Inc / Sublitex,http://www.enhancetech.com
Enprotech Industrial Technologies,http://www.enpromech.com
Ensitech Inc,http://www.tigbrush.com
EnvisionTEC Inc,https://envisiontec.com
EOS Business Surveillance Solutions,http://www.nowyoucansee.com
Epicor Software Corp,http://www.epicor.com
Epilog Laser Corp,http://www.epiloglaser.com
Epner Technology Inc,www.epner.com
EPSI,http://www.epsi.com
Ercolina - CML USA Inc,https://ercolina-usa.com
ErectaStep,http://www.erectastep.com
Ergo Advantage,www.ergoadvantageinc.com
Ergotronix,http://www.ergotronix.com
Erickson Metals Corporation,http://www.ericksonmetals.com
ERIEZ,http://www.eriez.com
ErmakUSA/Ermaksan,http://www.ermakusa.com
ERS Engineering Corp,www.ersengine.com
Ervin Industries,http://www.ervinindustries.com
ESAB Welding & Cutting Products,https://www.esab.com
ESCO Tool Co,http://www.escotool.com
ESMA Incorporated,www.esmainc.com
Euroboor USA,http://www.euroboorusa.com
Euroimpianti Srl,http://www.euroimpianti.com
Eurovac Inc,www.eurovac.com
Exact Metrology,www.exactmetrology.com
Excelsior Hardware & Plastic Co Ltd,http://www.excel-ware.com
ExhibitForce,http://www.exhibitforce.com
ExOne Company,http://www.exone.com
F&G Tool and Die Co,http://www.fgtool.com
Fab Line Machinery Llc,www.fab-line.com
Fab Supply Inc,http://www.fabsupplyinc.com
Fabricating & Metalworking Magazine,http://www.fabricatingandmetalworking.com
Fabrication Solutions & Technologies Inc,http://www.fststeelfab.com
Fabricators & Manufacturers Assoc Intl (FMA),http://www.fmanet.org
Fabricator's Hot Line,http://www.industrialmachinetrader.com
Faccin USA Inc,http://www.faccin.com
Factory Cat,http://www.factorycat.com
Fagor Arrasate,http://www.fagorarrasate.com
Fagor Arrasate,http://www.fagorarrasate.com
Fagor Automation Corp,http://www.fagorautomation.us
Family Business USA,http://www.familybusinessusa.com
FANUC America Corp,http://www.fanucamerica.com
FANUC America Corp,http://www.fanucamerica.com
FARO Technologies Inc,http://www.faro.com
FASPAR SpA,http://www.faspar.it
Fastenal Company,http://www.fastenal.com
FD Machinery,http://www.fdmachinery.com
Feed Lease Corp,http://www.feedlease.com
Fehr Warehouse Solutions Inc,http://www.fehr-usa.com
FEIMEC 2020,http://www.feimec.com.br
Fein Power Tools Inc,http://www.feinus.com
FENN,http://www.fenn-torin.com
Ferrato Davide SAS,http://www.ferratodavide.it
Festo Corp,www.us.festo.com
FF Journal/Modern Metals,http://www.ffjournal.net
Fibro Inc,http://www.fibroinc.com
Ficep Corporation,http://www.ficepcorp.com
Fireball Tool Works LLC,www.fireballtool.com
Fischer Technology Inc.,http://www.fischer-technology.com
FIT RITE Systems LLC,http://www.fitritefast.com
Fives,http://www.fivesgroup.com
Fladder-Hansen & Hundebol Inc,http://www.fladder.com
Flame Technologies Inc,http://www.FlameTechnologies.com
Flange Wizard Inc,http://www.flangewizard.com
FlashCut CNC,http://www.flashcutcnc.com
Flex Trim USA,http://www.flex-trimusa.com
FlexArm Inc,http://www.flexarminc.com
Flexovit USA Inc,http://www.flexovitabrasives.com
Flight Industrial Co Limited,www.clamp-toggle.com
Flow International Corp,http://www.flowwaterjet.com
Flowdrill Inc,http://www.flowdrill.com
FluidForming Americas,http://www.ffamericas.com
FMT,www.fmtinc.com
FMT,www.fmtinc.com
FMT,www.fmtinc.com
FOCUS GmbH,http://www.focus-e-welding.com
FomUSA,http://www.fomgroupusa.com
Formdrill USA Inc,http://www.formdrill-usa.com
Formlabs,http://www.formlabs.com
Formtek Inc,http://www.formtekgroup.com
FORMTEK-ME,http://www.FORMTEKMAINE.com
Forney Industries Inc,http://www.forneyind.com
Fortech Products Inc,http://www.fortechproducts.com
Foshan Beyond Laser Technology Co. Ltd,http://www.hsglaser.com
Fostoria Process Equipment div of TPI Corp,http://www.fostoriaprocessequipment.com
FPT Industrie SpA,http://www.fptindustrie.com
Frank Lowe,http://www.franklowe.com
Franklin Mfg Inc,http://www.franklinmanufacturing.com
Fraunhofer USA Center for Laser Applications,http://www.cla.fraunhofer.org
FreePoint Technologies Inc,http://www.getfreepoint.com
Fremont Automation,www.fremontautomation.com
Friedrich August Picard GmbH & Co KG,http://www.picard-kg.com
Fromm Packaging Systems,http://www.frommstrappingsystems.com
Fronius USA LLC,http://www.fronius.us
FSU Welding Engineering Technology,http://www.ferris.edu
Fuchs Lubricants Co,http://www.fuchs.com
FumeVac,http://www.fumevac.com
Fusion Inc,http://www.fusion-inc.com
Fusion3,https://www.fusion3design.com
Fuzhou YIN TOU Precise Metallurgy Industry Co Ltd,http://www.yintou.net
G.I.S Mfg. Inc.,http://www.gnrlsupply.com
Gas Lens Galore,No website data provided
Gasparini SpA,http://www.gasparini-spa.com
GAT Finishing Systems,http://www.gat-systems.com
GAWDA,http://www.gawda.org
GE Mathis Co,http://www.gemathis.com
GE Schmidt Inc,http://www.geschmidt.com
Gem Tool Corporation,http://www.gemtoolcorp.com
Gema USA Inc,https://www.gemapowdercoating.com
General Fabrications Corp,http://www.gfcfinishing.com
Genesis Systems IPG Photonics Company,http://www.genesis-systems.com
Genesis Systems IPG Photonics Company,http://www.genesis-systems.com
Genius ERP,http://www.geniuserp.com
"Genstar Technologies Co., Inc. (GENTEC)",http://www.gentec.com
Gentec Electro-Optics Inc,http://www.gentec-eo.com
Gentex Corporation,www.gentexcorp.com
George A Mitchell Co,http://www.mitchellmachinery.com
George Koch Sons,http://www.kochllc.com
German Pavilion,http://www.fabtech.german-pavilion.com
Gesswein Co,http://www.gesswein.com
GH Induction Atmospheres LLC,http://www.gh-ia.com
Gibbs Metals,http://www.gibbswire.com
GKN Additive,http://www.gknpm.com
Glen Dimplex Thermal Solutions,http://www.dimplexthermal.com
Global Finishing Solutions,http://www.globalfinishing.com
Global Saw,http://www.motoyuki.co.jp
Global Shop Solutions,http://www.globalshopsolutions.com
Globe Metal,globemetal.com
GMA Garnet,http://www.garnetsales.com
GMC Machine Tools Corp,http://www.gmcmachinetools.com
GMTA- Arnold Laser Systems,http://www.gmtamerica.com
Goanwin USA Inc,http://www.goanwin.com
Goff Inc,http://www.goff-inc.com
Golden Eagle Minmetals (Beijing) Welding Materials Co Ltd,http://www.goldeneaglebj.com
Golden Spot Machinery (Taicang) Co Ltd,www.goldspot.com.cn
Gorbel Inc,http://www.gorbel.com
Goss Inc,http://www.gossonline.com
Graco Inc,http://www.graco.com/finishing
Graphic Products,http://www.graphicproducts.com
Grazioli Cesare Srl,www.grazioligroup.com
Green Valley Manufacturing Inc,http://www.greenvalleyinc.com
Greenerd Press & Machine Company Inc,http://www.greenerd.com
Gripnail - Fastening Systems,http://www.gripnail.com
Grotnes Inc,http://www.fontijnegrotnes.com
Gruber Tool & Die Inc,http://www.grubertool.com
GSM America Inc,http://www.gsmotion.com
Guangdong TopZone Tooling Co Ltd,http://www.gdlongze.com
Gudel Inc,http://www.gudel.com/us
Guild International,http://www.guildint.com
Guilin Mingfu,http://www.mfmetal.com.cn
Gullco International,http://www.gullco.com
H&M Pipe Beveling Machine Co Inc,http://www.hmpipe.com
H2O JET Inc,http://www.waterjetparts.com
Haas Automation Inc,http://www.haascnc.com
Haas Saw & Supply,http://www.haassaw.com
Haco-Atlantic Inc,http://www.hacoatlantic.com
Haeger Inc,http://www.haeger.com
HAEUSLER AG Duggingen,http://www.haeusler.com
HafcoVac,http://www.hafcovac.com
Hafendorfer Machine Inc,http://www.hafendorfer.com
Hamilton Caster,www.hamiltoncaster.com
Hammer Presses,www.hammerpresses.com
Han Jie Machinery Co Ltd,http://www.hanjie.com.tw
Hangzhou Grand Imp & Exp Co Ltd,http://www.grandind.com
Hangzhou Sikan Technology Co Ltd,http://www.3d-scantech.com
Hangzhou Xiangsheng Abrasive Machine Manufacturing Co. Ltd,http://www.jonsensander.com; http://www.xs-sander.com
Han's Laser Corp,No website data provided
Han's Laser Smart Equipment Group,hansme.net
Han's Laser Smart Equipment Group,hansme.net
Hans Weber Sales and Service Corp,http://www.weberamerica.com
Hanson Rivet & Supply Co,http://www.hansonrivet.com
Har-Bach,http://www.redrockusa.com
Harbert's Products Inc/Allied Flux Reclaiming Ltd,https://www.harbertsproducts.com/
Harmonic Drive LLC,http://HARMONICDRIVE.NET
Haven Manufacturing Corp,http://www.havencut.com
HBS Stud Welding Partners,http://www.studweldprod.com
Hebei Matson Metal Tech Co Ltd,www.matsoncorp.com
Heck Industries,http://www.heckind.net
Hedson Technologies North America,http://www.hedson.com/industrial-solutions
Hefei Metalforming Intelligent Manufacturing Co Ltd,http://www.hfpress.com
Heiko GmbH & Co,No website data provided
Heiko Machine Tools LLC,http://www.heikomachine.com
"Heim Group, The",http://www.theheimgroup.com
Helm Instrument Co Inc,http://www.helminstrument.com
Help Lightning Inc,www.helplightning.com
HEM Inc,http://www.hemsaw.com
Henan Huamao Metal Materials Co Ltd,No website data provided
Henan Xinxing Arts and Crafts I/E Co Ltd,No website data provided
Henkel Corp,http://www.bonderite.com/
Hennig Inc,No website data provided
Hentzen Coatings Inc,http://www.hentzen.com
Heraeus Noblelight LLC,https://catalyticovens.com/
Heron Intelligent Equipment Co Ltd,http://heron-spotwelding.com/
Herr Industrial Inc,http://www.herrindustrial.com
Hexagon Manufacturing Intelligence,http://www.HexagonMI.com
Heyco Metals Inc,http://www.heycometals.com
HGG Profiling Equipment BV,http://www.hgg-group.com
Hifly Tool,http://www.hiflytool.com
Hilma By Carr Lane Roemheld,http://www.hilma-usa.com
Hindustan Pressings Pvt Ltd,www.hppindia.com
Hitachi Metals America,http://www.diehlsteel.com/
Hiwin Corporation,https://www.hiwin.com
HK Laser & Systems,http://www.hk-us.com
HLC Metal Parts Ltd,www.hlc-metalparts.com
Hobart Institute of Welding Technology,http://www.welding.org
Honsberg Metallsagen GmbH,www.honsberg.de
Horn Machine Tools Inc,http://www.hornmachinetools.com
Hornet Cutting Systems,https://www.hornetcs.com
Hougen Manufacturing Inc,http://www.hougen.com
Houghton International Inc,http://www.houghtonintl.com
HP,www.hp.com/go/3dprint
HTM Sensors,http://www.htmsensors.com
HUB Industrial,http://www.hubindustrial.com
Hubbard-Hall Inc,http://www.hubbardhall.com
Husky Rack & Wire,http://www.huskyrackandwire.com/cherry-services/machine-guarding
Hutchison Tool Sales Co,http://www.hutchisontool.com
Huth Ben Pearson International LLC,http://www.huthbenders.com
HVR Magnetics Co Ltd,No website data provided
Hyd-Mech Group Ltd,http://www.hydmech.com
Hydraulico AS,http://www.hydraulico.com
Hydren Systems LLC,http://www.HydrenSystems.com
Hydro Tube Enterprises Inc,www.hydrotube.com
HYMSON,http://en.hymson-laser.com
Hypertherm Inc,https://www.hypertherm.com/en-US/
Hypertherm Inc,https://www.hypertherm.com/en-US/
Hypertherm Inc,https://www.hypertherm.com/en-US/
Hy-Tech Engineered Solutions,www.hy-techinc.com
IAP Air Products,http://www.iap-airproducts.com
Ideal Welding Systems LP,http://www.idealweld.com
IFS Coatings Inc,http://www.ifscoatings.com
igm Robotic Systems Inc,http://www.igmusa.com
igus Inc,http://www.igus.com
IHI Ionbond Inc,http://www.ionbond.com
IHT Automation GmbH & Co KG,www.iht-automation.com
II-VI Highyag,http://www.iiviinfrared.com
II-VI Infrared,http://www.iiviinfrared.com
IKO International Inc,No website data provided
Ikra Makina San Ve Tic AS,www.ikramakina.com.tr
ILME S.p.A.,http://www.ilme.com
IMC Marks,http://www.imcmarks.com
IMO USA Corp,www.imousacorp.com
Impax Tooling Solutions® a Division of Wilson Tool International,http://www.wilsontool.com
Imperial Systems Inc,http://www.isystemsweb.com
Imperien LLC,https://www.imperien.com
IMS USA LLC,www.imsusanc.com
Industrial Innovations Inc,http://www.industrialinnovations.com
Industrial Machinery Digest,https://www.IndustrialMachineryDigest.com
Industrial Magnetics Inc,http://www.magnetics.com
Industrial Solutions & Innovation LLC,http://www.industrialsolutions-llc.com
Industrial Specialists by BrandSafway,www.indspec.com
InfoSight Corporation,http://www.infosight.com
Innerspec Technologies,http://www.innerspec.com
Inno-Spin LLC,www.innospinmetals.com
Innovative Components,http://www.knobsource.com
Innovative Tube Equipment Corp,http://www.tube-equipment.com
InnovMetric Software Inc,http://www.innovmetric.com
INNOVO Corporation,http://www.innovo.us
Inovatech Engineering,www.inovatechengineering.com
INSPECTECH,http://www.inspectech.ca
Integrity Metal Finishing Supplies,http://www.integritymfs.com
INTEK Corporation,http://www.intekcorp.com
IntelliFinishing,http://www.intellifinishing.com
Intercon Enterprises Inc,http://www.intercon1978.com
International Knife & Saw Inc,http://www.iksinc.com
International Technologies Inc,http://www.international-technologies.com
International Welding Technologies Inc,http://www.iwtmarketplace.com
INTERTEK,http://www.intertek.com/industrial
InterTest,http://www.intertest.com
Into-N2 LLC,http://IntoN2.com
Iowa Area Development Group,http://www.iadg.com
IP Automation Inc,http://www.ipautomationinc.com
IPCM - International Paint & Coating Magazine,http://www.ipcm.it/en/home/
IPG Photonics,http://www.ipgphotonics.com
IQMS,http://www.iqms.com
Iron Age Footwear,http://www.ironagefootwear.com
Ironworker Management Progressive Action Cooperative Trust,http://www.impact-net.org
ISB,http://www.isblite.com
IST International Surface Technologies,https://istsurface.com
Italmac USA Inc,http://www.italmac-usa.com
IVEC Systems,http://www.ivecsystems.com
IXS Coatings,http://www.ixscoatings.com
J&S Machine Inc,http://www.jsmachine.com
Jacquet,www.myjacquet.com
Jamestown Coatings,http://www.jamestowncoatings.com
Jarvis Cutting Tools,https://www.jarviscuttingtools.com/
JASIC Technologies America Inc,http://www.razorweld.com
JAZ Brush USA Inc.,http://www.jazusa.com
JD Squared Inc,http://www.jd2.com
Jepson Power Inc,http://www.jepsonpower.com
JET,http://www.jettools.com
Jet Edge,http://www.jetedge.com
JETCAM/NestONE Solutions/The Aquila Group,http://www.nestonesolutions.com
JET-SET,http://www.jetsetspray.com
JHP Fasteners Inc,http://www.jhpfasteners.com
Jiangsu Meixin Optoelectronics Technology Co Ltd,http://www.js-mexin.com
Jiangsu Tone Machine Co Ltd,No website data provided
Jiaxing MTB Machinery Co Ltd,No website data provided
JIER North America,http://www.JIER-NA.com
Jinan Bodor CNC Machine Co Ltd,http://www.bodor.com
Jinan Xintian Technology Co Ltd,http://www.xtlaser.com
Jinghong Precision Industrial Co. Ltd,http://www.jh-industrial.com
JIT Automation Inc,http://www.jitautomation.com
JLC Electromet Pvt LLC,http://www.jlcelectromet.com
JMR Industrial,http://www.jmrindustrial.com
JobPack Inc,http://www.jobpack.com
Jobscope ERP,http://www.jobscope.com
John Tillman Co,http://www.jtillman.com
Johnson Bros Roll Forming Co,http://www.JohnsonRollForming.com
Joysun Abrasives Co Ltd,http://www.joysunabrasives.com
JR Automation,http://www.jrauto.com
J-Tech,http://www.j-techdesign.com
Julia USA,www.juliausa.com
KAAST Machine Tools Inc,http://www.kaast-usa.com
Kaeser Compressors Inc,www.us.kaeser.com
Kalamazoo Machine Tool,http://www.kmtsaw.com
Kalas Wire Inc,http://kalaswire.com/industrial
Kanca El Aletleri Dovme Celik Ve Makina Sanayi AS,www.kanca.com.tr
Karmetal San Tic LTD STI,http://www.karmetal.com.tr
Kasto Inc,http://www.kasto.com/us
Kawasaki Robotics (USA) Inc,http://www.kawasakirobotics.com
Kayo Products Co Ltd,http://www.kayo.com.tw
KD Capital Equipment LLC,http://www.kdcapital.com
KDM International,http://www.kdmamerica.com
KeepTheHeat,http://www.keeptheheat.com
Keller USA Inc,http://www.kellerusa.com
Kemper America Inc,http://www.kemperamerica.com
Ken Bergman & Assoc LLC,http://www.haberleusa.com
Kennametal Inc,http://www.kennametal.com
Kennametal Stellite,http://www.kennametal.com
Kent Corp,http://www.kenttesgo.com
Kent Corporation - Dietronic,http://www.kenttesgo.com
Kent Stud Welding,http://www.kentstudwelding.com
Kern Laser Systems,http://www.kernlasers.com
Keyence Corp of America,http://www.keyence.com
Keyland Polymer Material Sciences LLC,http://www.keylandpolymer.com
Keystone Fastening Technologies,http://www.keystonefastening.com
Kinetic Cutting Systems Inc,http://www.kineticusa.com
King Forging Co. Ltd,http://www.kingforging.com
Kingyu Tool & Die Co Ltd,http://www.kingyutool.com
Kinkelder USA,http://www.kinkelder.com
Kipp Inc,http://www.kippusa.com
Kistler Cutting and Welding (Kistler GmbH),http://www.kistler-machine.de
Kiswel USA Inc,http://www.kiswelusa.com
Kjellberg Vertrieb GmbH,www.kjellberg.de
Klimawent USA LLC,www.klimawentusa.com
Klingelhofer Corp,http://www.klingelhofer.com
Klinger Paint Co,http://www.klingerpaint.com
KLINGSPOR Abrasives Inc,http://www.klingspor.com
KMT Waterjet Systems Inc,http://www.kmtwaterjet.com
KNUTH Machine Tools USA Inc,http://www.knuth-usa.com
Kobelco Welding of America Inc,http://www.kobelcowelding.com
Koike Aronson Inc,https://www.koike.com
Kolev Engineering Inc,http://www.kolev.com
Komatsu America Industries LLC,http://www.komatsupress.com
Konzen Company,www.konzenchemical.com
Kosmek USA,http://www.kosmek.com
Kotar Steel Shot,http://www.burleighind.com
Kovinoplastika Loz D.D.,http://kovinotools.com/
KUKA Robotics Corporation,https://www.kuka.com/en-us
Kunshan Dersun Precision Mould Co Ltd,http://www.ksdersun.com
Kunshan Eagle Precision Tooling Co Ltd,http://www.eagle-tooling.com
Kyntronics,http://www.kyntronics.com
Kyzen Corporation,http://www.kyzen.com
LA-CO Industries Inc,http://www.markal.com
Laguna Tools,http://www.lagunatools.com
Laizhou Hongyuan Bench Vise Manufacture Co Ltd,http://www.laizhouhongyuanvise.com
Lantek Systems Inc,https://www.lanteksms.com
LAP Laser LLC,http://www.lap-laser.com
Lapham-Hickey Steel,http://www.lapham-hickey.com
Laser Experts Inc,http://www.laserexpertsinc.com
Laser Marking Technologies LLC,http://www.lasermarktech.com
Laser Mechanisms Inc,http://www.lasermech.com
Laserline Inc,http://www.laserline-inc.com
Lasermet Inc,http://www.lasermet.com/lasermetinc
LaserStar Technologies Corp,http://www.laserstar.net
laservision USA,http://www.lasersafety.com/
Latrobe Specialty Metals Distribution,http://www.cartech.com
Lazer Safe Pty Ltd,http://www.lazersafe.com
Lazer Safe Pty Ltd,http://www.lazersafe.com
LDPI Inc,http://www.ldpi-inc.com
Leadec Industrial Services,https://www.leadec-services.com/usa/en/
Leasing Resources Inc,No website data provided
Lee Industrial Contracting,http://www.leecontracting.com
Leifeld Metal Spinning AG,http://www.leifeldms.com
LENOX®,http://www.lenoxtools.com
Lessmann GmbH Drahtburstenfabrik,No website data provided
Lesta USA-Self Learning Painting Robots,http://www.lesta.it
LeTourneau University,http://www.letu.edu
Levitate Technologies Inc,http://www.levitatetech.com
Lianyungang Orientcraft Abrasives Co Ltd,http://www.orientcraft-abrasives.com
Liburdi Automation Inc,http://www.liburdi.com
Lien Chieh Hydraulic Industrial Co Ltd,http://www.lch.com.tw
LinAn Da Yang Welding Material Co Ltd,http://www.hzdayang.com
Lincoln Electric,http://www.waynetrail.com
Lincoln Electric Co,http://www.lincolnelectric.com
Linear Transfer Automation Inc,http://www.presstrader.com
LINK Systems,http://www.linkelectric.com
LINSINGER,http://www.linsinger.com
LISSMAC Corp,http://www.lissmac-usa.com
Lockformer Custom Machinery,www.formtekgroup.com
Lomar Machine & Tool Co,http://www.lomar.com
LPI Inc,http://www.lpi-inc.com
LS Industries Inc,http://www.lsindustries.com
LSP Industries Inc,http://www.lspind.com
LT Ultra Precision Optics,http://www.ltultra.com
Lucky Harvest Co Ltd,http://www.luckyharvest.cn
Lucrescent Bearing Corporation,www.lucrescentbearing.com
Lumentum,http://www.lumentum.com
Luvata Ohio Inc,http://www.luvata.com
LVD Strippit,http://www.lvdgroup.com
Lyon Metals LLC,http://www.lyonmetals.com
M L Filters,www.mlfilters.com
M. S. Willett,http://www.mswillett.com
Machine Concepts Inc,http://www.machineconcepts.com
MachineMetrics,http://www.machinemetrics.com
Machinery Dealers National Assoc,http://www.mdna.org
MachineTools.com,http://www.machinetools.com
Macrodyne Technologies Inc,http://www.macrodynepress.com
Magic Rack/Production Plus Corp,http://www.productionpluscorp.com
Magnatech LLC,http://www.magnatechllc.com
Mair Research SpA,http://www.mair-research.com
MakerBot 3D Printers,No website data provided
Manchester Tool & Die Inc,http://www.manchestertoolanddie.com
Manitowoc Tool & Manufacturing LLC,http://www.mantoolmfg.com
Manufacturing News,http://www.mfgnewsweb.com
Manufacturing Solutions Industries Inc,http://www.msi-tx.com
Marando Industries Inc,http://www.marando-inc.com
Marketing Essentials LLC,http://www.mktgessentials.com
Markforged,http://www.markforged.com
Marpol Parlatici Sanayi ve Ticaret AS,http://www.marpol.com.tr
Marposs Corp,www.marposs.com
Marvel Industrial Coatings,www.marvelcoatings.com
Masteel America Corp,http://www.masteels.com
Master Finish Company,www.masterfinishco.com
Master Magnetics,http://www.magnetsource.com
Master Roll Manufacturing,http://www.master-roll.com
Mate Precision Tooling,http://www.mate.com
Matsumoto US Technologies Inc,http://www.matsumotous.com
Matter Srl,http://www.matter.it
Matterhackers,http://www.matterhackers.com
Matuschek Welding Products Inc,http://www.matuschekwelding.com
MAXAIR Systems,http://maxair-systems.com
Maxxeon Inc,www.maxxeon.com
Mayfran International Inc,http://www.mayfran.com
Mayser USA Inc,http://www.mayser.us
Mazak Optonics,http://www.mazakoptonics.com
MB Metal Technologies LLC,http://www.markinbox.com
MC Machinery Systems Inc,https://www.mcmachinery.com/
McDantim Inc,https://mcdantim.com
MCR Safety,http://www.mcrsafety.com
MD Metals,http://www.mdmetalsinc.com
Meccanica Ronzani Srl,http://www.meccanicaronzani.com
MECCO,http://www.mecco.com
Meltric Corp,http://www.meltric.com
Mercer Industries,http://www.mercerindustries.com
Messer Cutting Systems,http://www.messer-cs.com
Mestek Machinery Inc,http://www.mestekmachinery.com
Metabo Corp,http://www.metabo.com
Metal Supermarkets Service Company Inc,https://www.metalsupermarkets.com
MetalFinish LLC,http://www.metal-finish.com
MetalForming Inc,http://www.metalforming-usa.com
Metalix CAD/CAM Ltd,http://www.metalix.net
Metalloid Corporation,http://www.metalloidcorp.com
Metalloid Corporation,http://www.metalloidcorp.com
MetalMizer,http://www.metalmizer.com
Metalphoto of Cincinnati Inc,www.mpofcinci.com
Metamation Inc,http://www.metamation.com
Metform International Ltd,http://www.metformintl.com
Met-L-Flo Inc,http://www.met-l-flo.com
MetlSaw Systems Inc,http://www.metlsaw.com
MetPro Group,http://www.precisionpoly.com
Metreel Inc,http://www.metreel.com
Metronor Inc.,http://www.metronor.com
Meyer Aluminium Blanks Inc,www.meyer-mab.com
MG Srl,http://www.mgsrl.com
Mianyang Zhongyan Abrasive Co Ltd,No website data provided
Michigan Metal Coatings Inc,http://www.michiganmetalcoatings.com
Michigan Pneumatic Tool Inc,http://www.michiganpneumatic.com
Micro Air,http://www.microaironline.com
MicroCare Corporation,http://www.microcare.com
Microsoft Dynamics 365 / Turnkey Technologies,http://www.turnkeytec.com
Microtek Finishing LLC,www.microtekfinishing.com
Midalloy,http://www.midalloy.com
Midco International Inc,www.midcointernational.com
Midwest Automation,http://www.midwestautomation.com
Midwest Finishing Systems,http://www.midwestfinishing.com
Midwest Industrial Metals Corp,www.mimrecycles.com
Midwest Tool Inc,http://www.sellusedmachinery.com
MIE Solutions Inc,http://www.mie-solutions.com
Mighty Hook Inc,http://www.mightyhook.com
MiiC OPTON (USA) Inc,http://www.miic-opton.com
Mill Masters,http://www.millmasters.com
"Miller Electric Mfg LLC, Hobart Brothers, Bernard, Tregaskiss",http://www.millerwelds.com
"Miller Electric Mfg LLC, Hobart Brothers, Bernard, Tregaskiss",http://www.millerwelds.com
Ming Ping Machinery Co Ltd,http://www.mingping.com.tw
Minnesota Department of Employment and Economic Development,http://www.mn.gov/deed
MISCO Refractometer,http://www.misco.com/metalworking
Misumi,www.us.misumi-ec.com
MITUSA Inc,https://www.mitusaproducts.com
MJC Engineering & Technology Inc,http://www.mjcengineering.com
MK Products Inc,http://www.mkproducts.com
Modula Inc,http://www.modula.us
Moeller Precision Tool,http://www.moellerprecisiontool.com
Mohawk Machinery Inc,http://www.mohawkmachinery.com
Morris Precision Technology Company Limited,http://www.ioxygen.com
Morton Machine Works,http://www.mortonmachine.com
MPI Magnetic Products Inc,http://www.mpimagnet.com
MSC Software,http://www.simufact.com
MTA-USA LLC,http://www.mta-usa.com
MultiCam Inc,http://www.multicam.com
Multipress Inc,http://www.multipress.com
Murata Machinery USA Inc,http://www.muratec-usa.com/fabrication
Murrplastik Systems Inc,https://www.murrplastik.com
MVD Makina Sanayi A.S.,http://www.mvd.com.tr
Nabtesco Motion Control Inc,https://www.nabtescomotioncontrol.com/en/
Nadella Inc,http://www.nadella.us
Nanjing Prima CNC Machinery Co Ltd,www.aliyun.com
nano-purification solutions,http://www.n-psi.com
NASA Technology Transfer Program,technology.nasa.gov
Nation Wide Products,http://www.nationwide-products.com
National Kwikmetal Service LLC,http://www.nks.com
National Standard,http://www.nationalstandard.com
naturaLED,http://www.mynaturaled.com
Nederman LLC,http://www.nederman.com
Neff Press Inc,http://www.neffpress.com/
Nelson Stud Welding Inc,http://www.nelsonstudwelding.com
Neugart USA Corp,https://www.neugart.com/en-us
Neuman Aluminium Impact Extrusion Inc,www.neumanusa.com
New Fire Co Ltd,http://www.newfire.biz
New Imaging Technologies,www.new-imaging-technologies.com
New London Engineering,http://www.nleco.com
Newcastle Systems Inc,http://www.newcastlesys.com
New-Form Tools,http://www.newformtools.com
Newland (Tianjin) Welding Material Co Ltd,http://www.groco.cn
NGK Metals Corp,http://www.ngkmetals.com
Nidec Press & Automation,http://nidecpa.com
NikoTrack LLC,http://www.nikotrack.com
Ningbo Dabu Welding Technology Co Ltd,www.dabuweld.com
Ningbo Jamson Machinery Manufacturing Co Ltd,http://www.jmsweld.com
Ningbo Jintian,http://www.jtgroup.com.cn
Ningbo Kimpin Industrial Pte Ltd,http://www.kimpin.com
Ningbo Powerway Alloy Material Co Ltd,http://www.pwalloy.com
Ningbo Starex Welding & Cutting Technologies,http://www.starexweld.com
Ningbo Yihe Refrigeration Equipment Co Ltd,www.retoent.com
Ningbo Zehen International Trade Co Ltd,www.zhwelding.com
Nitto Kohki USA Inc,http://www.nittokohki.com
NKT Photonics,http://www.nktphotonics.com
nLIGHT Inc,http://www.nlight.net
NN Inc Power Solutions,http://www.nninc.com/power-solutions/
Nodha Industrial Technology Wuxi Co. Ltd,http://www.nodha.com
Nordfab Ducting,http://www.nordfab.com
Nordic Air Filtration,http://www.Nordic-Air-Filtration.com
Nordson Corp,http://www.nordson.com/ics
Norgren Automation Solutions LLC,https://www.imi-precision.com/autoinplant
Norlok Technology Inc,http://www.norlok.com
North Alabama Industrial Development Association,http://www.northalabamausa.com
Northern Coatings & Chemical,http://www.northern-coatings.com
Norton | Saint-Gobain,http://www.nortonabrasives.com
Novacel Inc,http://www.novacelinc.com
Novarc Technologies Inc,https://www.novarctech.com
NOXON Automation USA LLC,http://www.noxon-automation.com
Nukon USA,http://www.nukon.us
Nukon USA,http://www.nukon.us
NUM Corporation,https://www.num.com
Numalliance Inc,http://www.numalliance.com
Nuova CMM Srl,www.nuovacmm.com
Oak Ridge National Laboratory,http://www.ornl.gov/manufacturing
Oasis Scientific Inc,http://www.oasisscientific.com
O'Brien Steel,http://www.obriensteel.com
Ocean Machinery Inc,http://www.oceanmachinery.com
Octopuz Inc,http://www.octopuz.com
Oerlikon Balzers,No website data provided
OGS Industries,http://www.ogsindustries.com
Ohio Laser LLC,http://www.ohiolaser.com
Olimpia 80 Srl,http://www.olimpia80.com
Olympus America Inc,http://www.olympus-ims.com
OMAX Corp,https://www.omax.com
OMCO Rollforming Plus,http://www.omcoform.com
OmegaCube Technologies,http://www.omegacube.com
Omnirobotic,http://www.omnirobotic.com/
OMNI-X USA,http://www.omnibend.com
Oncor,http://www.thinkbigthinktexas.com
OnRobot US Inc,http://www.onrobot.com
Onshape Inc,www.onshape.com
OP USA Inc,http://www.opusainc.com
OPERA,http://www.operames.it/en/
Ophir Optronics Solutions LTD. / MKS Instruments,http://www.ophiropt.com
Optrel Inc,http://usa.optrel.com
Oriental Casting Inc,http://www.ocinc.ca
Orion Machinery North America Inc,http://www.orionmachineryna.com
Orttech Inc,http://www.orttech.com
Osborn,http://www.osborn.com
OTC DAIHEN Inc,http://www.Daihen-USA.com
Otto Trading Inc,http://www.irestmassager.com
Overton Tool & Die,http://www.overtonind.com
Overton Tube Forming Systems,http://www.overtonind.com
Oxylance Inc,http://www.oxylance.com
P/A Industries Inc,http://www.pa.com
Pacesetter Systems,http://www.pacesettersystems.com
Pacific Press Technologies,https://www.pacific-press.com
Packsize International LLC,http://www.packsize.com
Pador Marketing Group,http://www.pador.com
Palmer Associates Inc,http://www.palmerassoc.com
Palmgren,http://www.chhanson.com
Panasonic Systems Solutions Company of America,http://www.panasonicfa.com
Pandjiris Inc,http://www.pandjiris.com
Pangborn LLC,http://www.pangborngroup.com
Pannier Corporation,http://www.pannier.com
Paperboard Packaging Solutions,http://www.paperboard-packaging.com
Park Industries,http://www.parkindustries.com
Parker Engineering of America,http://www.parkerionics.com
Parker Hannifin Industrial Gas Filtration & Generation Division,http://www.parker.com/igfg
Pascal Engineering Inc,http://www.pascalenginc.com
Passline Performance,http://www.componenttool.com
Pat Mooney Saws,http://www.patmooneysaws.com
Path Robotics,http://www.path-robotics.com
Patriot Metal Finishing Systems Inc,http://www.patriotpowder.com
Patterson Fan Company,http://www.pattersonfan.com
Pax Products Inc,http://www.paxproducts.com
PDS BarTech Inc,http://www.pdsbartech.com
Peak Scientific Instruments LTD,http://www.peakindustrial.com
Pearl Abrasive Company,http://www.pearlabrasive.com
Peddinghaus Corporation,http://www.peddinghaus.com
PEM Inc,http://www.spraywand.com
Pemamek LLC,http://www.pemamek.com
Penn United Technologies Inc,http://www.pennunited.com
PennEngineering,http://www.pemnet.com
Penny Weld LLC,http://www.pennyweldllc.com
Pensa Labs,http://www.pensalabs.com
PEP Technology,http://www.peptechnology.com
Pepperl+Fuchs Inc,www.pepperl-fuchs.com
Perfection Global LLC,http://www.perfectionmachinery.com
Permadur Industries Inc,http://www.permadur.com
Peter Prinzing GmbH,http://www.prinzing.eu
PFERD INC,http://www.pferdusa.com
PHI,http://phihydraulics.com
Phillips Saw & Tool Inc,http://www.psaws.com
Philpott Rubber/Lankhorst Mouldings,http://www.philpottrubber.com
Phoenix International Inc,http://www.dryrod.com
Phoenix Metals Co,http://www.phoenixmetals.com
Piher,http://www.piherclamps.com
Pinnacle Systems Inc,No website data provided
Piranha \ MegaFab,https://piranhafab.com
Piranha \ MegaFab,https://piranhafab.com
Pittarc Welding Wires,http://www.pittarc.pittini.it
PKG Equipment Inc,http://www.pkgequipment.com
Plant Engineering Services Inc,http://www.pltengineering.com
Plasma Automation Inc,http://www.plasma-automation.com
plasmo USA LLC,http://www.plasmo-us.com
Plex Systems,http://www.plex.com
Plymovent Inc,http://www.plymovent.com
PM SAS,http://www.pm-eng.info
PMF Industries Inc,http://www.flowformingplus.com
Pneu-Mech Systems Mfg,http://www.pneu-mech.com
Pollstar Communications Pty Ltd,No website data provided
Pollution Control Products Co.,http://www.pcpconline.com
Polymer Molding Inc,http://www.polymermolding.com
Polyurethane Products Corp,www.polyprod.com
Porcelain Enamel Institute Inc,http://www.porcelainenamel.com
Pottiez America LP,http://www.pottiez.com
Powder Coated Tough,http://www.powdercoatedtough.com
Powder Coating Institute,http://www.powdercoating.org
Powermig,http://www.powermig.com.br
PPG,http://www.ppgindustrialcoatings.com
Praxair Distribution Inc.,http://www.praxairwelding.com
PRC Laser Corp,www.prclaser.com
Precious Plate Inc,http://www.preciousplate.com
Precision Metalforming Association,http://3dmpmag.com/home/
Precision Punch Corp,http://www.ppunch.com
Precitec Inc,http://www.precitec.us
Premier Tooling & Manufacturing LLC,http://www.premiertools.com
Prescor LLC,http://www.prescor.com
Press Brake Repair,http://www.pressbrakerepair.com
Press Brake Safety,http://www.pressbrakesafety.com
Press Brake Safety,http://www.pressbrakesafety.com
Press Room Equipment Co,http://www.pressroomequipment.com
Pressix North America,http://www.pressix.us
Pressroom Electronics Inc,http://www.pressroomelectronics.com
PrestiVac Inc,http://www.prestivac.com
Presto Lifts Inc,http://www.prestolifts.com
Preston Eastin,http://www.prestoneastin.com
Prima Power North America Inc,http://www.primapower.com
PrimeTest Automation Inc,http://www.primetest.com
Pro Spot International,http://www.prospot.com
proAutomation LLC,www.proautomation.com.mx
Pro-Beam AG & Co KGaA,www.pro-beam.de
Proceco Ltd,http://www.proceco.com
Proceq USA Inc,http://www.proceq.com
Prodevco Robotic Solutions Inc.,http://www.prodevcoind.com
Production Products Inc,http://productionproducts.net
Production Tube Cutting Inc,http://www.productiontubecutting.com
Products Finishing Magazine,http://www.pfonline.com
PROFAX / LENCO,http://www.profax-lenco.com
Profile Cutting Systems USA Inc,www.profilecuttingsystems.com
Project Tool & Die Inc,http://www.projecttoolanddie.com
ProManage,https://www.promanage.com/
Promess Inc,https://www.promessinc.com/
Pronic Inc,http://www.pronic.com
Proto-1 Manufacturing,http://www.proto1mfg.com
Protolabs,http://www.protolabs.com
PSTproducts GmbH,pstproducts.com
PT Peroni Karya Sentra,http://www.peroniks.com
Pulsa,http://www.pulsasensors.com
Punch Industry USA Inc,www.punch.co.jp/english/index.html
PushCorp Inc,http://www.pushcorp.com
Pyramex Safety Products,www.pyramexsafety.com
Qingdao Puhua Heavy Industrial Machinery Co Ltd,http://www.puhua-machinery.com
Qnect LLC,http://www.qnect.com
Quaker Chemical Corporation,http://www.quakerchem.com
Quality Finishing Systems,www.qualityfinishingsystems.com
Quality Vision International,http://www.qvii.com
Quality Wire EDM Inc,http://www.qwmfg.com
Quantum Machinery Group,http://www.quantummachinery.com
Quantum Machinery Group,http://www.quantummachinery.com
Quintus Technologies LLC,http://industry.avure.com/solutions/flexform-introduction
R&M Manufacturing Co LLC,https://www.rmmco.com
Radan,https://www.radan.com/
Radian Laser Systems,http://www.radianlaser.com
Radyne Corp,http://www.radyne.com
Raffin Construction Co,http://www.raffinconstruction.com
Rafter Equipment Corp,http://www.RafterEquipment.com
Raise3D,http://www.raise3d.com
Ramcel Precision Stamping and Manufacturing LLC,http://www.ramcel.com
Rapid Coating Solutions LLC,No website data provided
Rapid-Air Corp,http://www.rapidair.com
RAS Systems LLC,http://www.ras-systems.com
Rasco,http://www.rascofr.com
Ravne Presses DOO,No website data provided
Raytech Measuring Systems,http://www.raytech-measuring.com
RbSA Industrial,http://www.rbsaindustrial.com
RDI Laser Blanking Systems,http://www.rdilaserblanking.com
REA JET US,http://www.reajetus.com
Ready Technology Inc,http://www.readytechnology.com
RealSTEEL Software,http://www.realsteelsoftware.com
Red Bud Industries,http://www.redbudindustries.com
Reibus International,www.reibus.com
Replacement Brush Tables,http://www.brushtables.com
Resistance Welding Controls LLC,www.rwcllc.net
Resistance Welding Machine & Accessory,http://www.resweld.com
Revolution Machine Tools,http://www.RMTUS.com
Rex-Cut Abrasives,http://www.rexcut.com
Rice Lake Weighing Systems,http://www.ricelake.com
Richardson Electronics Ltd,http://www.rellaser.com
Richards-Wilcox Conveyor,http://www.rwconveyor.com
RIDGID,http://www.ridgid.com
Rigaku Analytical Devices,http://www.rigaku.com/KT100S
Rigidized Metals Corp,http://www.rigidized.com
Rite-Hite,http://www.ritehite.com/en/AM/Products/Machine-Guarding
Riteway Brake Dies Inc,http://www.ritewaybrakedies.com
Robotmaster a Hypertherm Company,https://www.robotmaster.com/en/
Rock Valley Oil & Chemical Co Inc,http://www.rockvalleyoil.com
Rocklin Manufacturing Co,http://www.rocklinmfg.com
Rocky Mountain Instrument Co,http://www.rmico.com
Rocon LLC,www.roconllc.com
Rohner,http://www.rohnerspraybooths.com
Roll Machining Technologies & Solutions,http://www.rollsolutions.com
Rolled Alloys,http://www.rolledalloys.com
Rolled Metal Products,http://www.rolledmetalproducts.com
Roller Die + Forming Co,http://www.rollerdie.com
Rolleri USA,http://www.rolleriusa.com
RollSeal Inc,http://www.rollseal.net
RoMan Manufacturing Inc,No website data provided
Ross Controls,http://www.rosscontrols.com
Rousseau Metal Inc,http://www.rousseaumetal.com
Roy Smith Company,http://www.rscmain.com
RPB Safety LLC,http://www.rpbsafety.com
RUF Briquetting Systems,http://www.ruf-briquetter.com
Ruijie Laser,http://www.ruijielaser.com
Rust Release (Safe Industrial Rust Remover),https://www.rustrelease.com
Ruwac,http://www.ruwac.com
RWMA - Resistance Welding Manufacturing Alliance,http://www.rwma.org
Ryerson,http://www.ryerson.com
Saar Hartmetall USA LLC,http://www.saarusa.com
SafanDarley BV,http://www.safandarley.com
Saf-T-Cart Inc,http://www.saftcart.com
Sahajanand Laser Technology LTD,http://www.SLTL.com
Sakura of America,http://www.sakuraofamericaindustrial.com
Saldatore Distribution Inc,www.saldatoredistribution.com
Salvagnini America Inc,http://www.salvagnini.com
Samco Machinery Ltd,http://www.samco-machinery.com
Sames Kremlin,http://www.sames-kremlin
Samson Roll Formed Products Co,http://www.samsonrollform.com
Sanderson Machines,No website data provided
Sangiacomo Presses Americas LLC,http://www.sangiacomo-presses.com
Sanken Industry Co. Ltd.,www.sanken-mo.co.jp
Sankyo Automation,http://www.sankyoautomation.com
SanRex Corporation,http://www.SANREX.COM
Sasahara Kanagata Co. Ltd,http://www.sasahara-kk.com
Sata Spray Equipment,http://www.satausa.com
Sawblade.Com,http://www.sawblade.com
SB Specialty Metals LLC,http://www.sbsm.com
SB Whistler & Sons Inc,http://www.sbwhistler.com
SC Fastening Systems,http://www.scfastening.com
Schelling America Inc,https://www.imaschelling.us
Schmidt,http://www.gtschmidt.com
Schneider Electric,https://www.schneider-electric.us/en/work/solutions/machine-control/material-working/
Schuler Inc,http://www.schulerinc.com
Schwarze-Robitec GmbH,http://www.schwarze-robitec.com
SciAps Inc,http://www.sciaps.com
Scientific Control Laboratories,www.sclweb.com
Scotchman Industries Inc,https://www.scotchman.com
Scotchman Industries Inc,https://www.scotchman.com
SDS/2,http://www.sds2.com
Selas Heat Technology,http://www.selas.com
Selectrode Industries Inc,http://www.selectrode.com
SelfLube,http://www.selflube.com
Semyx,http://semyx.com
Sen Fung Rollform Machinery Corp,http://www.senfung.com
Senfeng CNC Laser Technology USA Inc,http://www.senfengusa.com
Serapid Inc,http://www.serapid.com
Serimax North America LLC,http://www.serimax.com
Service Lamp Corp,http://www.servicelamp.com
Servo-Robot Inc,http://www.servorobot.com
SES Salico Finishing and Processing LLC,No website data provided
SEYI America Inc,http://www.seyi.com
Shandong Aotai Electric Co Ltd,http://www.aotaiwelding.com/
Shandong Maike Tungsten Molybdenum Technology Co Ltd,www.maikewelding.net
Shanghai Huawei Welding & Cutting,http://www.huawei-cutting.com
Shanghai Kaisen Environmental Technology Co Ltd,www.industrialfumeextractor.com
Shanghai Shuheng Cutlery & Mould Manufacturing Co Ltd,http://www.shrmj.net
Shanghai TAYOR Heavy Industry (Group) Co Ltd,http://www.tayor.cn
Shanghai Wtl Welding Equipment Manufacture Co Ltd,www.wtl.com.cm
Shaver Industries,http://www.shaverinc.com
Shenzhen Huayuanda Technology Co Ltd,http://www.yuanlinhk.com
Shenzhen Industrial Man Rapid Prototyping & Manufacturing Co,www.industrial-man.com
Shenzhen Manyes Precision Metal Co Ltd,http://www.szmanyes.com
Shenzhen Riland Industry Co Ltd,www.riland.com.cn
Shenzhen Zhuotai Precision Tooling,www.ztmoulds.com
Sherwin-Williams,http://www.sherwin.com
Shining 3D,http://en.shining3d.com
Shop Floor Automations Inc,https://www.shopfloorautomations.com
ShopBot Tools Inc,http://www.shopbottools.com
ShopData Systems Inc,http://www.shopdata.com
ShopEdge Software Inc,http://www.shopedgesoftware.com
Shoptech,http://www.shoptech.com
sia Abrasives,http://www.sia-usa.com
SIC  Marking USA,http://www.sic-marking.com
Sideros Engineering Srl,http://www.siderosengineering.com/index/en
Siemens Industry Inc,http://www.usa.siemens.com/motioncontrol
Sigma DT Robotics,http://www.sigmadt.com
Sigma Steels,www.sigmasteels.com
"SigmaTEK Systems, SigmaNEST",http://www.sigmanest.com
SIMPAC America Co Ltd,http://www.simpac.co.kr/en
Singer Safety Co,http://www.singersafety.com
Sinto America,http://www.sintoamerica.com
SIS Corp,www.sisinc.co.kr
SISMA USA Inc,www.sisma.com
SKM Industries Inc,http://www.skmproducts.com
Slatpro LLC,http://www.slatpro.com
SMA Abrasives USA LLC,http://www.smaabrasives.com
SMART Sheet Metal Air Rail and Transportation Workers Union,http://www.smart-union.org
SMC Corporation of America,http://www.smcusa.com
SME ZONE,http://www.sme.org
Smith & Wesson Precision Components,http://www.swpc.com
Smith Metal Products,www.mimparts.com
Snap On Industrial,www.snap-on.com
Soitaab USA Inc,http://www.soitaabusa.com
Solar Atmospheres,http://www.solaratm.com
Solar Manufacturing,No website data provided
Soph Inc,http://www.soph-inc.com
South Tek Systems,www.southteksystems.com
Southern Copper & Supply,http://www.southerncopper.com
Southern Stud Weld Inc,http://www.studweld.com
Southern Systems International LLC,http://www.ssiconveyors.com
SP Air Corporation,http://www.spairusa.com
Spanco Inc,http://www.spanco.com
Special Springs LLC,http://www.specialspringsna.com
SPI Lasers,http://www.spilasers.com
Spray Systems Inc,http://www.spraysystems.com
Spray Tech/Junair,http://www.spraytech.com
Spraying Systems Co,http://www.spray.com
Sprimag Inc,http://www.sprimag.com
SSC Controls Co,https://www.ssccontrols.com/
SSI Schaefer,http://www.ssi-schaefer.com
SST Forming Roll Inc,http://www.sanyoseiki.co.jp/english/
Stabila Inc,www.stabila.com
Stacker LLC,http://www.stacker3d.com
Stainless Structurals LLC,http://www.sss.us.com
STAM SpA,http://www.stam.it
Stamtec Inc,http://www.stamtec.com
Stanley Black & Decker Inc,http://www.dewalt.com
Starrett Company,http://www.starrett.com
Staub Manufacturing Solutions,http://www.staubmfg.com
Steel Craft Technologies,http://www.steelcrafttech.com
Steel King Industries Inc,http://www.steelking.com
Steel Plate Akron Atlanta,http://www.steelplate.us
Steel Storage Systems Inc,https://steelstorage.com
Steel Vision Tools,http://Steelvisiontools.com
Steelmax Tools,http://www.steelmax.com
STEINEL Normalien AG,http://www.champion-dietool.com
Steiner Industries,http://www.steinerindustries.com
Stopa,http://www.stopa.us
Stop-Painting.com,http://stop-painting.com/
Stor-Loc Corp,http://www.storloc.com
Stratasys,www.stratasys.com
Striker Systems,http://www.strikersystems.com
Strong Hand Tools,http://www.stronghandtools.com
Strong Hold,http://www.strong-hold.com
STRUMIS LLC,http://www.strumis.com
STUAA Automation Co Ltd,http://www.stuaa.com
Sugar Steel Corp,http://www.sugarsteel.com
Suhner Industrial Products Inc,https://www.suhner-machining.com/en/
SumDumWelder Apparel,www.sumdumwelder.com
Sumig Usa Corp,http://www.sumigusa.com
Sumner A Southwire Company,http://www.sumner.com
SuNPe Prototype,No website data provided
SUNS International LLC,http://www.suns-usa.com
Sunstone Welders,http://www.SunstoneWelders.com
Super Duty Fans,http://www.superdutyfans.com
Superflash Compressed Gas Equipment,http://www.oxyfuelsafety.com
Superior Die Set Corp,http://www.superiordieset.com
Supra Machine Tool,No website data provided
Surewerx USA Inc,http://www.sellstrom.com
Surface Engineering Alloy Co,http://www.surfaceengineering.com
Surface Flow Technologies Inc/LSN Diffusion LTD,http://www.surfaceflowtech.com
SurTec Inc,http://www.surtec.com
Sutherland Presses,http://www.sutherlandpresses.com
SWECO,http://www.sweco.com
SYSPRO USA,http://www.syspro.com
System Technologies,http://www.stifinishing.com
T&H Lemont,http://www.thlemont.com
T. J. Snow Company,http://www.tjsnow.com
Taloc USA,http://www.talocusa.com
Tanis Inc,http://www.tanisbrush.com
TapeCase Ltd,http://www.tapecase.com
Tapeswitch Corporation,http://www.tapeswitch.com
Taylor-Winfield Technologies Inc,http://www.taylor-winfield.com
TCI Powder Coatings,http://www.tcipowder.com
T-Drill Industries Inc,http://www.t-drill.com
TDS Automation - A Doerfer Company,http://www.doerfer.com
Team Industries Inc,http://www.weldpositioner.com
Team Texas,http://www.goteamtexas.com
TEC Welding Products,http://www.tectorch.com
Techflex Inc,http://www.techflex.com
Techni Waterjet A GMM Group Company,http://www.techniwaterjet.com
Techniweld USA,http://www.techniweldusa.com
Technogenia Lasercarb Technology,http://www.technogeniausa.com
Technotrans America Inc,http://www.technotrans.com
TECMEN Electronics Co Ltd,http://www.tecmen.com
Tecnomagnete Inc,http://www.tecnomagnete.com
Tekfab Inc,www.tekfab.com
Tennsmith/Roper Whitney,http://www.tennsmith.com
Tenryu America Inc,http://www.tenryu.com
Termmei Torch & Tip Company,www.termmei.com
Tethon 3D,http://www.tethon3d.com
Texas Right Corner,http://rightcorner.org/
Thai German Products PCL,www.tgpro.co.th
The Additive Report,No website data provided
The Blast Shop,http://www.theblastshopinc.com
The Bradbury Group,http://www.bradburygroup.com
The David Round Company,www.davidround.com
The Electrocoat Association,http://www.electrocoat.org
The M.K. Morse Company,http://www.mkmorse.com
THE ROUECHE CO LLC,http://www.trcwelding.com
Thermacut Inc,http://www.thermacut.com
Thermal Care,http://www.thermalcare.com
Thermal Dynamics,http://www.thermal-dynamics.com
Thermatool Corp,http://www.thermatool.com
Therma-Tron-X Inc,http://www.ttxinc.com
Thermco Instrument Corp,http://www.thermco.com
Thermion Inc,http://www.thermioninc.com
Thermo Fisher Scientific,http://www.thermofisher.com/pai
THK America Inc,http://www.thk.com
Thomas Industrial Rolls Inc,www.tirinc.com
Threaded Fasteners Inc,www.threatedfasteners.com
Thred Taper,http://www.thredtaper.com
Three D Metals Inc,http://www.threedmetals.com
Tianjin Jinlong Welding Material Co Ltd,http://www.jinlongweldcom
TigerStop LLC,http://www.tigerstop.com
TIGER-VAC USA INC,http://www.tiger-vac.com
Timesavers LLC,http://www.timesaversinc.com
Tinius Olsen,http://www.tiniusolsen.com
Tip Tig USA LLC,http://www.tiptigusa.com
Toledo Integrated Systems,http://www.ttoledo.com
Tooling Tech Group,https://www.toolingtechgroup.com
Toolmen Corp,http://www.toolmen1.com
Tools for Bending,http://www.toolsforbending.com
Top Cat Air Tools,http://www.tcservice.com
Top Manufacturing Inc,No website data provided
Toptime Precision Electronics Co Ltd,http://www.toptimeks.com
Torque Incorporated,http://www.torque-inc.com
Torque Technologies Inc./Goizper,https://www.goizperusa.com
Tower Metalworking Fluids,http://www.TowerMWF.com
TOX Pressotechnik LLC,http://www.tox-us.com
Trafimet Group S.p.a.,http://www.trafimetgroup.com
Trak Machine Tools,http://www.southwesternindustries.com
Transfluid Maschinenbau GmbH,http://www.transfluid.de
Trans-Matic,http://www.transmatic.com
Transmet Corp,http://www.transmet.com
Travelers Insurance,http://www.travelers.com/manufacturing
Trendex Information Systems Inc,http://www.trendexsys.com
Tri Tool Inc,http://www.tritool.com
Trilogy Machinery Inc,http://www.trilogymachinery.com
Trimac Industrial Systems,http://www.trimacsystems.com
Trimble Solutions USA Inc.,http://www.tekla.com/us
Tri-Mer Corp,http://tri-mer.com
Trim-Lok Inc,http://www.trimlok.com
Tru-Cut Saw Inc,http://www.trucutsaw.com
Tru-Cut Saw Inc,http://www.trucutsaw.com
Tru-Cutt Inc,www.tru-cutt.com
TRU-FIT Products TRU-Weld,http://www.truweldstudwelding.com
TRUMPF Inc,http://www.us.trumpf.com
TRUMPF Inc,http://www.us.trumpf.com
Trystar Inc,http://www.trystar.com
TSI Inc,http://www.tsi.com
TSS Worldwide,www.tssworldwide.com
TST Tooling Software Technology LLC,http://www.tst-software.com
TST Tooling Software Technology LLC,http://www.tst-software.com
Tsubaki - Kabelschlepp,http://www.ustsubaki.com
Tsune America LLC,http://www.tsuneamerica.com
Tube & Pipe Technology,http://www.read-tpt.com
Tube 2020 Messe Dusseldorf North America,http://www.mdna.com
Tube Bending Concepts Inc,http://www.tubebendingconcepts.com
Tube Form Solutions,http://www.tubeformsolutions.com
Tubex Technology Machinery,http://www.tubextechnology.com
TURCK Inc,https://www.turck.us/
TWI North America LLC,http://www.twi-global.com
Two Technologies Inc,No website data provided
TYKMA Electrox,http://www.permanentmarking.com
UEI Tool and Die/Jacar in Die Transfer Systems,http://www.ueitool.com
Uelner Precision Tools & Dies,http://www.uelnertool.com
Ulbrich Stainless Steels & Special Metals Inc,http://www.ulbrich.com
Ultimaker,http://www.ultimaker.com
Ultra Tech Industries Company Inc,www.untico.com
Ultraflex Power Technologies Corp,http://www.ultraflexpower.com
UltraLox,www.ultralox.com
UltraTech International Inc,http://www.tacticalwelder.com
Ultratech Tool & Design Inc,http://www.ultratechtooldesign.com
U-Mark Inc,http://www.umarkers.com
UNIARC,http://www.uniarc.com.br
Unibor,http://www.uniborusa.com
Unico Inc,http://www.unicous.com
UniCure Spraybooths,http://www.spraybooths.com
UniPunch Products Inc,http://www.unipunch.com
Unison LTD,http://www.unisonltd.com
Unisorb Installation Technologies,http://www.unisorb.com
Uni-Spray Systems Inc,http://www.uni-spray.com
Unist Inc,http://www.unist.com
United Abrasives Inc /SAIT,http://www.unitedabrasives.com
United Aluminum Corp,http://www.unitedaluminum.com
United Industries Inc,http://www.unitedindustries.com
United Lens Co,http://www.unitedlens.com
United Machine Corporation,http://www.unitedmachinecorp.com
United Performance Metals,http://www.upmet.com
United States Welding Corp,http://www.usweldingcorp.com
United Surface Solutions LLC,http://www.deburring.com
United Wire Co Inc,http://www.unitedwirecompany.com
Unittool Punch & Die Company,http://www.unittool.com
Universal Robots USA Inc,https://www.universal-robots.com/
Universal Tool & Engineering,http://www.universaltool.com
Universal Tube & Rollform Equipment Corp,http://www.utubeonline.com
Uniweld Products Inc,http://www.uniweld.com
Urrea Professional Tools,http://www.urreaprofessionaltools.com
Ursviken Inc,http://www.ursviken.com
US Industrial Machinery Co,http://www.usindustrial.com
Uweld Technologies Co Ltd,http://www.uweldtech.com
V&S Galvanizing LLC,http://www.hotdipgalvanizing.com
Vaccari SPA,www.vaccaripresse.com
Valgro India Limited,http://www.brushingmachine.com
Valmont Coatings,http://www.valmontcoatings.com
VANTERM MAKINA San. Tic. A.S.,http://www.vanterm.com
VaporTech,http://www.vaportech.com
Various Machining Solutions LLP,http://www.vmsl.co.in
VDM Metals,http://www.vdm-metals.com
Vektek LLC,www.vektek.com
Venjakob / Nutro Inc,http://www.venjakob.com
VentCor Systems,No website data provided
Vention,http://www.vention.io
Veo Robotics,http://www.veobot.com
Verisurf Software Inc,http://www.verisurf.com
Versatility Professional Tool Storage,www.professionaltoolstorage.com
Vibro Dynamics LLC,http://www.vibrodynamics.com
Victory CNC Plasma Systems,http://www.victoryplasma.com
Victory Tool,http://www.victorytool.com
Vidir,http://www.storevertical.com
Viega,http://www.viega.us
ViewTech Borescopes,http://www.rfsystemlab.us
Viking Blast & Wash Systems,http://www.vikingcorporation.com
Vinston US Corp,http://www.vinstonus.com
Virtek Vision International,http://www.virtek.ca
Vitracoat America Inc,http://www.vitracoat.com
Vitronic Machine Vision,http://www.vitronic.com
VKS - Visual Knowledge Share,http://www.vksapp.com
voestalpine Bohler Welding USA Inc,http://www.voestalpine.com/welding
voestalpine eifeler Coatings,http://eifeler.us
Voith Turbo Inc,http://www.usa.voithturbo.com
Voortman USA,http://www.voortmancorp.com
VSM Abrasives Corp,http://us.vsmabrasives.com
VulkanBlast Shot Technology,http://www.vulkanshot.com
Vytek Laser Systems,http://www.vytek.com
W Abrasives,http://www.wabrasives.com
W Weldpro,http://www.weldpro.com
WAFIOS Machinery Corp,http://www.wafios.us
Wagner Systems Inc,http://www.wagnersystemsinc.com
Walker Magnetics,http://www.walkermagnet.com
Walter Surface Technologies,http://www.walter.com
WARDJet,https://wardjet.com/
Washington Alloy Co,http://www.weldingwire.com
Washington Mills Ceramics,http://www.washingtonmillsceramics.com
Water Jet Sweden AB,http://www.waterjet.se
Waterjet USA LLC,http://www.waterjetusa.com
Watts Specialties Inc.,http://www.watts-specialties.com
Wauseon Machine & Manufacturing Inc,http://www.wauseonmachine.com
WD-40 Company,www.wd40.com
WDI Westfalische Drahtindustrie GmbH,www.wdi.de
WDM Bending Rolls,http://www.wdm-rolls.com
Webb-Stiles Co,http://www.webb-stiles.com
Wecotech AG,http://www.wecotech.ch
WEICON Inc,http://www.weicon.de
Weil Engineering North America,http://www.weilengineering.com
Weiler Abrasives,http://www.weilerabrasives.com
Weld Engineering Co,http://www.weldengineering.com
Weld Pride USA For Weldbrush,http://www.weldpride.com
Weld Systems Integrators Inc,http://www.wsiweld.com
Weldas Co LLC,http://www.weldasusa.com
WeldComputer,http://www.weldcomputer.com
Weldcote Metals,http://www.weldcotemetals.com
Welder Training & Testing Institute,http://www.wtti.com
Welding Alloys USA,http://www.welding-alloys.com
Welding Consultants LLC,www.weldingconsultantsllc.com
Weldobot Technologies Inc,http://www.weldobot.com
Weldsale LLC,http://www.weldsale.com
"WELDVIS, KOREA",http://www.weldvis.co.kr
Welker Engineered Products,http://www.welkerproducts.com
Welser Inc,http://www.welser.com/en
Wemo Netherland B V,http://www.wemo.nl
Wendt USA LLC,http://www.wendtusa.com
West Chester Protective Gear,http://www.westchestergear.com
West Virginia Development Office,http://westvirginia.gov/
West Warwick Welding Co,http://www.westwarwickwelding.com
Wheelabrator Norican Group,http://www.wheelabratorgroup.com
Wila USA,http://www.wilausa.com
Wilco Inc,http://www.wilcosteel.com
Willbanks Metals Inc,www.willbanksmetals.com
Wilmington Precision Machining,www.wpm-inc.net
Wilson Tool International,http://www.wilsontool.com
Wilton Tools,www.wiltontools.com
Winnox Industries Ltd,http://www.winnox-weld.com
Winton Machine Company,http://www.wintonmachine.com
Wintriss Controls Group LLC,http://www.wintriss.com
Wire Wizard Welding Products,http://www.wire-wizard.com
Wisconsin Metal Parts Inc,http://www.wisconsinmetalparts.com
Wisconsin Wire Works Inc,http://www.wisconsinwireworks.com
Wise Welding Technology & Engineering Co Ltd,www.wtec.com.cn
WITT Gas Controls,http://www.wittgas.us
WM Caster,http://www.wmcaster.com
Wolfgang Loch GmbH & Co KG,http://www.loch.de
Workshops For Warriors,http://www.WFW.org
WorkWise Software,http://www.workwisesoftware.com
World Economic Development Alliance,http://www.wedaconnect.com
World Machinery & Saw Inc,http://www.worldsaw.com
Wrefs Welding LLC,http://www.wrefswelding.com
Wuhan Welhel Photoelectric Co Ltd,http://www.welhel.com
Wuxi Datang Welding & Cutting Mechanical Equipment Co Ltd,http://www.wuxidatang.com
Wuzhou Ally Protect Co Ltd,http://www.allyprotect.com
Wyndham Hotels & Resorts,www.wyndhamhotels.com
Wysong Parts & Service,http://wysong.us
Xact Metal,http://www.xactmetal.com
Xinxiang Tianfeng Machinery Manufacture Co Ltd,http://www.tfforming.com
Xinyongxu Metal Mould (Shenzhen) Co Ltd,http://www.sznka.com
Xiris Automation Inc,http://www.xiris.com
Xometry,No website data provided
xTuple — Open Source ERP+CRM + Web Portal,https://xTuple.com
Yamada Dobby America LLC,www.yamadadobby.com
Yaskawa America Inc,https://www.motoman.com
YESTOOL / Aloris USA,http://www.aloris.com
Yih Shen Machinery Co Ltd (YSM),http://www.ysm.com.tw
Ying Chivan Corp,No website data provided
York Portable Machine Tools,http://www.yorkmachine.com
Yunsing Industrial Co LTD,http://www.yun-sing.com
Zapp Precision Strip,http://www.zapp.com
"Zeiss, Carl Zeiss Industrial Metrology LLC",http://www.zeiss.com/metrology/solutions/car-body.html
Zerust Corrosion Solutions,http://www.zerust.com
Zhejiang Changzheng Project Carbon Electrodes Co Ltd,http://www.czcarbon.com
Zhejiang Jingwei Welding & Cutting Technology Co Ltd,http://www.jingweitip.com;   http://jwweld.en.alibaba.com
Zhejiang Poney Electric Co Ltd,No website data provided
Zhengzhou Research Institute of Mechanical Eng Co Ltd,www.zrime.com.cn
ZJ Industries Inc,http://www.zjindustriesinc.com
Zund America Inc,http://www.zund.com
